date,Max TemperatureC,Mean TemperatureC,Min TemperatureC,Dew PointC,MeanDew PointC,Min DewpointC,Max Humidity, Mean Humidity, Min Humidity, Max Sea Level PressurehPa, Mean Sea Level PressurehPa, Min Sea Level PressurehPa, Max VisibilityKm, Mean VisibilityKm, Min VisibilitykM, Max Wind SpeedKm/h, Mean Wind SpeedKm/h, Max Gust SpeedKm/h,Precipitationmm, CloudCover, Events,WindDirDegrees
2016-01-01,-1,-4,-7,-4,-6,-8,86,73,57,1018,1016,1014,24,15,0,35,26,47,0,7,Snow,255
2016-01-02,0,-2,-4,-4,-6,-9,80,71,60,1018,1014,1007,24,24,19,29,23,45,0,8,Snow,236
2016-01-03,2,-1,-4,-3,-7,-17,80,69,50,1021,1012,1005,24,23,19,40,26,53,0,6,Rain-Snow,303
2016-01-04,5,1,-3,-17,-19,-22,67,57,34,1037,1029,1021,24,24,19,27,21,35,0,4,Snow,355
2016-01-05,-9,-11,-12,-9,-14,-20,74,61,25,1039,1036,1032,24,24,24,21,10,32,0,1,,237
2016-01-06,-8,-10,-12,-6,-9,-11,74,59,27,1032,1029,1026,24,24,24,19,11,,0,4,,209
2016-01-07,-13,-16,-17,-3,-6,-7,93,71,37,1026,1024,1023,24,23,16,13,6,,0,5,,164
2016-01-08,-7,-12,-17,2,-2,-6,100,83,59,1022,1017,1012,24,17,3,21,8,,0,6,Rain,81
2016-01-09,-5,-8,-11,6,4,2,100,93,82,1012,1011,1009,24,10,0,16,13,,0,8,Fog-Rain,164
2016-01-10,-9,-11,-13,6,0,-11,100,85,58,1008,995,985,24,14,1,64,23,82,0,7,Rain-Snow,228
2016-01-11,1,-5,-11,-10,-13,-17,80,63,41,1016,1011,1005,24,20,2,48,35,63,0,6,Snow,258
2016-01-12,0,-5,-12,-4,-9,-16,93,75,51,1014,1004,998,24,12,1,45,16,64,0,7,Snow,214
2016-01-13,-10,-14,-18,-11,-14,-16,79,64,46,1016,1014,1009,24,22,10,37,29,52,0,6,Snow,257
2016-01-14,-4,-8,-11,-5,-9,-13,86,71,47,1012,1010,1008,24,21,6,29,18,39,0,7,Snow,242
2016-01-15,-2,-7,-11,2,-1,-5,93,89,81,1010,1004,996,16,11,6,21,11,27,0,8,Rain,94
2016-01-16,-4,-8,-11,2,-3,-10,93,77,45,1010,1001,993,24,21,10,50,21,60,0,7,Rain-Snow,254
2016-01-17,3,-6,-13,-7,-10,-16,73,64,48,1010,1009,1007,24,23,19,32,18,42,0,7,Snow,247
2016-01-18,4,1,-2,-13,-16,-21,79,66,41,1018,1013,1008,24,15,1,40,23,42,0,6,Snow,293
2016-01-19,0,-3,-7,-8,-13,-18,79,65,44,1027,1023,1019,24,23,19,50,26,63,0,5,Snow,295
2016-01-20,-5,-8,-12,-8,-10,-11,86,69,53,1027,1025,1022,24,23,10,23,18,32,0,8,Snow,270
2016-01-21,-2,-7,-12,-9,-11,-14,86,69,46,1029,1026,1023,24,21,2,21,13,,0,6,Snow,332
2016-01-22,1,-3,-7,-9,-12,-16,85,63,44,1029,1027,1024,24,24,24,23,8,,0,5,,40
2016-01-23,1,-1,-3,-11,-13,-15,79,64,32,1024,1020,1017,24,24,24,24,19,,0,1,,9
2016-01-24,1,-2,-4,-6,-9,-13,86,72,56,1019,1017,1016,24,23,19,16,10,,0,6,,238
2016-01-25,-6,-8,-11,-3,-4,-6,75,66,52,1020,1017,1011,24,22,16,24,8,29,0,7,,160
2016-01-26,-8,-11,-13,3,-1,-5,81,72,52,1014,1008,1004,24,23,16,42,23,63,0,8,Rain-Snow,228
2016-01-27,-4,-8,-11,-2,-7,-11,93,64,34,1021,1017,1014,24,22,11,45,21,58,0,7,Snow,270
2016-01-28,-2,-7,-12,-1,-4,-8,93,76,49,1014,1004,999,24,15,2,35,24,52,0,8,Snow,215
2016-01-29,1,-2,-4,-2,-10,-14,87,69,48,1015,1006,999,24,23,16,40,23,48,0,5,Snow,299
2016-01-30,-8,-11,-13,-1,-5,-12,81,67,40,1015,1008,1004,24,24,24,29,13,42,0,6,,209
2016-01-31,-2,-9,-16,8,3,-2,93,81,53,1008,1003,997,24,21,6,29,11,40,0,7,Rain,198
2016-02-01,-7,-10,-13,8,0,-3,87,71,48,1020,1011,997,24,24,16,37,27,52,0,6,Rain,280
2016-02-02,-11,-12,-14,-1,-3,-5,87,74,49,1028,1022,1013,24,23,16,39,13,53,0,6,Rain-Snow,62
2016-02-03,-5,-9,-13,10,3,-2,100,77,38,1013,1004,999,24,20,8,42,23,66,0,7,Rain,179
2016-02-04,-1,-4,-7,-1,-6,-9,75,60,39,1023,1018,1009,24,24,24,32,23,45,0,7,,283
2016-02-05,-9,-11,-13,-6,-7,-10,74,61,32,1027,1026,1023,24,24,24,23,11,32,0,6,,297
2016-02-06,-4,-8,-12,-4,-6,-9,86,63,35,1025,1022,1021,24,23,19,39,18,52,0,6,Snow,249
2016-02-07,-2,-4,-6,0,-3,-6,81,70,47,1020,1016,1010,24,24,19,23,10,34,0,6,,155
2016-02-08,-8,-10,-12,1,-1,-3,93,81,63,1010,1005,1001,24,18,5,32,18,45,0,8,Rain-Snow,86
2016-02-09,-9,-11,-12,-1,-3,-5,93,83,65,1001,1000,998,24,13,4,26,16,40,0,8,Rain-Snow,141
2016-02-10,-5,-8,-10,-3,-9,-16,93,73,45,1011,1004,999,24,16,4,34,19,37,0,7,Snow,300
2016-02-11,-1,-4,-8,-16,-19,-21,73,57,30,1024,1018,1011,24,24,24,35,24,53,0,2,,306
2016-02-12,-7,-12,-16,-9,-13,-18,86,67,44,1023,1014,1011,24,18,1,45,27,53,0,6,Snow,270
2016-02-13,-8,-14,-21,-19,-27,-32,67,56,40,1034,1027,1017,24,24,19,40,26,53,0,1,Snow,349
2016-02-14,-6,-11,-18,-17,-24,-30,67,56,38,1036,1034,1029,24,24,24,14,8,,0,1,,70
2016-02-15,-18,-22,-25,-2,-9,-16,93,77,46,1028,1019,1013,24,16,5,23,14,29,0,7,Snow,140
2016-02-16,-13,-18,-22,-3,-3,-6,93,84,64,1013,1008,1005,24,12,1,26,13,34,0,8,Snow,354
2016-02-17,-8,-12,-16,-5,-8,-16,86,70,43,1028,1018,1011,24,19,3,35,19,50,0,6,Snow,279
2016-02-18,-8,-9,-12,-12,-15,-18,79,61,44,1037,1034,1029,24,24,24,16,11,,0,1,,92
2016-02-19,-14,-17,-20,4,-6,-12,76,61,46,1032,1016,998,24,24,19,32,14,47,0,7,Rain-Snow-Hail,139
2016-02-20,-12,-17,-21,5,1,-1,87,66,40,1012,1005,999,24,23,16,48,32,66,0,6,Rain-Snow,262
2016-02-21,-7,-11,-14,0,-4,-15,87,63,17,1021,1016,1012,24,24,24,27,16,39,0,7,,325
2016-02-22,-3,-8,-13,-9,-12,-15,64,49,26,1026,1024,1021,24,24,24,26,16,34,0,4,,55
2016-02-23,-14,-17,-20,-6,-8,-11,80,61,28,1026,1024,1022,24,24,24,19,13,27,0,5,,91
2016-02-24,-7,-12,-18,1,-2,-9,93,88,44,1021,1007,990,24,9,1,32,19,47,0,8,Rain-Snow,60
2016-02-25,-9,-11,-13,0,-4,-11,93,82,53,1009,995,988,24,12,1,47,26,63,0,7,Rain-Snow,337
2016-02-26,-9,-12,-14,-10,-13,-15,80,62,39,1021,1017,1010,24,22,10,39,26,50,0,5,Snow,310
2016-02-27,-9,-13,-17,-1,-6,-11,74,63,47,1020,1012,1008,24,24,24,40,21,58,0,6,,224
2016-02-28,-5,-10,-14,4,1,-1,81,59,33,1008,1002,993,24,24,19,40,21,66,0,6,Rain,226
2016-02-29,-3,-7,-10,6,-3,-16,87,68,46,1020,1003,992,24,23,4,61,35,103,0,7,Rain-Snow,287
2016-03-01,-2,-4,-7,-11,-13,-16,86,71,38,1022,1015,999,24,10,1,32,19,39,0,7,Snow,44
2016-03-02,2,-3,-9,-13,-14,-17,79,62,36,1024,1013,1001,24,17,1,40,31,52,0,5,Snow,314
2016-03-03,1,-3,-7,-8,-12,-15,86,68,54,1026,1024,1022,24,18,2,21,11,,0,7,Snow,78
2016-03-04,-9,-12,-15,-7,-8,-11,86,69,34,1023,1022,1020,24,19,2,16,11,,0,7,Snow,96
2016-03-05,-5,-10,-14,-6,-8,-9,86,67,45,1025,1023,1022,24,20,3,14,6,,0,6,Snow,129
2016-03-06,-1,-3,-6,-4,-7,-11,86,67,44,1027,1024,1018,24,23,16,21,10,32,0,4,,225
2016-03-07,2,0,-3,3,1,-4,81,67,43,1018,1015,1014,24,24,24,27,11,37,0,6,,253
2016-03-08,3,1,-2,4,3,1,81,72,52,1019,1017,1014,24,21,11,14,5,,0,6,,133
2016-03-09,3,-1,-4,11,7,2,87,69,44,1014,1013,1011,24,24,24,34,13,50,0,6,,211
2016-03-10,8,4,0,11,8,1,100,90,81,1019,1015,1013,24,15,2,26,13,34,0,8,Rain,352
2016-03-11,2,1,-1,1,-1,-2,87,73,49,1029,1026,1019,24,24,24,29,18,34,0,5,,331
2016-03-12,2,0,-2,1,-1,-2,93,61,23,1028,1021,1017,24,24,24,26,11,35,0,5,,247
2016-03-13,5,2,-1,1,-3,-12,76,52,23,1021,1019,1014,24,24,24,37,16,52,0,6,,70
2016-03-14,7,4,1,8,6,-4,100,91,53,1014,1009,1006,24,11,2,29,19,52,0,8,Rain,102
2016-03-15,5,2,-1,6,5,3,94,85,71,1013,1009,1006,24,19,6,23,11,29,0,7,Rain,11
2016-03-16,6,2,-2,8,4,3,100,85,54,1012,1006,1002,24,16,2,63,19,97,0,7,Rain,94
2016-03-17,3,-1,-5,4,1,-2,87,64,43,1010,1007,1005,24,24,24,47,18,64,0,5,Rain,258
2016-03-18,1,-2,-6,1,-4,-14,87,64,30,1021,1013,1010,24,24,24,35,21,48,0,4,Rain,318
2016-03-19,4,1,-2,-10,-12,-15,59,45,27,1025,1024,1021,24,24,24,21,14,27,0,0,,45
2016-03-20,7,2,-3,-7,-8,-10,80,59,39,1025,1021,1016,24,24,24,21,13,,0,2,,75
2016-03-21,-1,-6,-9,-5,-9,-12,74,52,22,1018,1015,1014,24,24,24,42,18,58,0,5,Snow,297
2016-03-22,-5,-8,-11,2,-4,-8,93,68,49,1018,1014,1009,24,21,10,16,11,,0,6,Rain,148
2016-03-23,1,-3,-8,2,0,-2,93,85,55,1021,1015,1009,24,14,6,24,13,29,0,8,Rain-Snow,49
2016-03-24,3,0,-3,-1,-2,-4,100,91,83,1021,1012,1001,24,11,5,26,18,42,0,8,Rain-Snow,79
2016-03-25,5,3,1,0,-3,-6,93,81,61,1023,1009,999,24,17,1,37,14,52,0,7,Fog-Rain,320
2016-03-26,2,-2,-6,-1,-3,-5,93,75,49,1028,1026,1024,24,24,24,19,6,,0,4,,90
2016-03-27,-1,-6,-10,3,-1,-4,93,71,39,1026,1020,1009,24,24,24,13,6,,0,2,,70
2016-03-28,4,-2,-7,8,4,-2,100,83,58,1015,1002,996,24,18,2,63,18,80,0,8,Rain-Thunderstorm,341
2016-03-29,8,4,1,-2,-9,-16,70,42,14,1026,1023,1016,24,24,24,34,26,45,0,0,,338
2016-03-30,4,1,-1,1,-4,-9,69,53,30,1025,1018,1007,24,24,24,21,8,27,0,5,Rain,162
2016-03-31,5,1,-3,13,9,1,94,82,48,1007,1000,995,24,15,5,35,18,52,0,8,Rain-Thunderstorm,202
2016-04-01,11,6,1,12,3,-3,88,70,47,1006,1001,994,24,24,24,35,24,52,0,5,,267
2016-04-02,13,7,2,1,-3,-8,93,69,49,1005,999,996,24,17,1,52,18,69,0,6,Snow,291
2016-04-03,6,3,0,-6,-9,-16,93,72,33,1015,1012,1002,24,12,1,48,27,69,0,5,Snow,302
2016-04-04,1,0,-1,-7,-11,-15,93,66,29,1025,1016,1011,24,14,1,29,21,40,0,6,Snow,29
2016-04-05,5,2,-1,-11,-15,-18,55,41,16,1034,1030,1026,24,24,24,26,16,39,0,1,,305
2016-04-06,6,3,1,2,-4,-10,93,76,44,1027,1015,1000,24,15,0,32,13,47,0,8,Rain-Snow,130
2016-04-07,3,2,1,6,1,-5,100,80,55,999,995,990,24,21,10,34,21,52,0,8,Rain-Snow,239
2016-04-08,7,4,2,-6,-8,-10,69,57,35,1010,1004,999,24,23,16,45,31,55,0,6,Snow,309
2016-04-09,14,9,5,-11,-13,-17,59,47,25,1025,1016,1009,24,24,24,39,27,50,0,4,,357
2016-04-10,11,7,3,-1,-7,-13,93,73,38,1027,1022,1016,24,14,1,23,13,32,0,7,Rain-Snow,147
2016-04-11,16,8,0,9,3,-2,100,91,70,1015,1010,1008,24,8,0,35,13,45,0,8,Fog-Rain,168
2016-04-12,16,10,4,-1,-4,-7,86,63,39,1029,1022,1013,24,24,24,40,21,53,0,4,Rain,291
2016-04-13,16,9,2,-4,-6,-7,80,57,35,1033,1031,1030,24,24,24,16,6,,0,3,,77
2016-04-14,14,10,6,-4,-8,-12,75,43,18,1032,1030,1029,24,24,24,24,10,35,0,0,,68
2016-04-15,10,7,4,-2,-7,-12,60,35,13,1031,1030,1029,24,24,24,19,10,32,0,2,,73
2016-04-16,18,12,5,0,-4,-8,53,33,15,1032,1031,1030,24,24,24,19,8,,0,0,,86
2016-04-17,21,12,4,1,-3,-6,53,32,13,1032,1030,1028,24,24,24,14,8,,0,1,,69
2016-04-18,10,7,4,5,2,0,62,38,17,1028,1025,1020,24,24,24,34,11,42,0,4,,305
2016-04-19,13,8,4,4,0,-5,81,50,22,1027,1025,1021,24,24,24,37,26,52,0,6,,353
2016-04-20,10,7,4,-1,-7,-15,65,33,8,1029,1026,1021,24,24,24,23,14,34,0,2,,83
2016-04-21,8,4,2,10,1,-12,88,51,19,1021,1014,1010,24,23,19,13,8,,0,7,Rain,113
2016-04-22,4,2,-1,13,9,2,94,80,59,1017,1012,1009,24,17,5,40,13,52,0,6,Rain,308
2016-04-23,8,3,-1,2,-6,-15,76,45,10,1022,1020,1018,24,24,24,32,24,32,0,2,,360
2016-04-24,8,4,0,-1,-6,-13,61,43,25,1023,1021,1019,24,24,24,21,13,,0,6,,107
2016-04-25,12,8,3,1,-2,-5,81,59,35,1019,1016,1011,32,24,16,26,11,37,0,8,Rain-Thunderstorm,81
2016-04-26,13,9,6,1,1,0,93,80,59,1014,1011,1008,24,18,5,29,18,40,0,7,Rain-Thunderstorm,46
2016-04-27,19,12,6,-2,-4,-8,75,50,22,1017,1016,1014,24,24,24,27,16,37,0,2,,5
2016-04-28,14,10,6,-4,-6,-9,65,43,23,1020,1019,1017,24,24,24,23,14,34,0,6,,56
2016-04-29,13,9,5,-1,-4,-8,53,42,28,1022,1019,1018,24,24,24,23,11,27,0,6,,97
2016-04-30,20,13,6,-1,-3,-5,70,43,18,1024,1022,1020,24,24,24,21,11,32,0,4,,72
2016-05-01,19,13,7,8,6,-1,93,81,33,1019,1016,1015,24,15,3,21,16,27,0,8,Rain,55
2016-05-02,24,14,6,5,4,3,87,74,55,1017,1016,1015,24,24,24,24,14,32,0,6,Rain,45
2016-05-03,20,14,9,6,4,2,87,67,45,1015,1012,1009,24,24,24,21,6,29,0,4,,146
2016-05-04,14,11,7,5,4,2,81,61,40,1009,1007,1005,24,24,24,23,8,27,0,5,,116
2016-05-05,18,11,4,9,7,3,82,69,43,1011,1009,1008,24,24,24,24,11,35,0,5,Rain,29
2016-05-06,16,11,6,6,3,1,71,46,24,1012,1011,1009,24,24,24,29,21,40,0,1,,53
2016-05-07,18,13,8,9,6,1,87,62,37,1009,1005,1002,24,24,24,42,10,50,0,6,Rain,164
2016-05-08,22,16,8,5,2,-1,87,59,26,1014,1010,1004,24,24,19,45,26,58,0,4,Rain-Thunderstorm,320
2016-05-09,23,17,11,2,-1,-6,87,53,18,1022,1019,1014,24,24,24,24,13,34,0,2,,339
2016-05-10,16,13,10,-1,-3,-5,70,41,21,1026,1024,1022,24,24,24,23,11,29,0,5,,101
2016-05-11,16,12,8,0,-2,-3,61,35,18,1023,1022,1020,24,24,24,24,10,32,0,4,,66
2016-05-12,14,10,6,9,4,-3,70,46,25,1021,1015,1009,24,23,6,21,10,,0,5,Rain-Thunderstorm,137
2016-05-13,16,10,3,14,12,7,94,75,43,1009,1008,1006,24,19,3,37,14,47,0,7,Rain-Thunderstorm,274
2016-05-14,11,9,8,11,6,-3,94,74,37,1009,1004,998,24,21,10,45,19,58,0,7,Rain,264
2016-05-15,23,15,7,0,-3,-7,81,60,32,1016,1012,1009,24,23,10,48,32,66,0,6,Rain-Snow,288
2016-05-16,17,13,9,8,2,-3,87,63,26,1019,1017,1016,24,23,10,52,21,64,0,4,Rain,267
2016-05-17,19,14,11,7,2,-4,93,59,18,1023,1022,1019,24,24,24,26,11,,0,5,,360
2016-05-18,18,14,8,4,1,-2,70,49,26,1025,1023,1021,24,24,24,19,13,,0,3,,118
2016-05-19,15,9,4,6,3,2,71,47,25,1023,1022,1021,24,24,24,16,13,,0,6,,334
2016-05-20,18,12,7,5,3,1,62,39,21,1026,1023,1020,24,24,24,19,10,,0,4,,170
2016-05-21,15,11,8,9,6,0,67,45,27,1020,1017,1014,24,24,24,19,8,32,0,7,,115
2016-05-22,16,10,4,11,7,0,72,53,26,1016,1014,1013,24,24,24,27,18,39,0,3,,343
2016-05-23,23,15,7,8,4,-1,50,37,24,1018,1016,1014,24,24,24,26,16,37,0,0,,344
2016-05-24,20,17,13,9,5,2,51,34,15,1016,1015,1013,24,24,24,24,11,27,0,2,,297
2016-05-25,22,18,13,16,11,6,60,45,31,1017,1016,1015,24,24,24,40,13,39,0,5,,270
2016-05-26,18,16,12,19,14,12,83,70,57,1017,1015,1013,24,22,6,16,8,,0,6,Rain-Thunderstorm,127
2016-05-27,24,18,12,20,17,14,88,68,38,1015,1014,1013,24,23,10,21,10,32,0,6,,190
2016-05-28,18,15,12,19,17,15,78,63,46,1018,1017,1016,24,24,24,21,10,,0,4,,158
2016-05-29,24,18,11,19,17,10,83,60,39,1018,1016,1012,24,24,19,32,13,39,0,6,Rain,226
2016-05-30,12,10,8,16,12,8,83,52,27,1014,1013,1012,24,24,24,35,19,47,0,3,,270
2016-05-31,13,11,8,11,9,6,68,47,17,1019,1016,1014,24,24,24,34,16,45,0,3,,333
2016-06-01,16,12,8,9,8,6,67,56,38,1022,1019,1016,24,24,24,23,14,27,0,4,,78
2016-06-02,15,12,10,17,12,8,68,53,26,1015,1014,1012,24,24,24,29,11,45,0,6,Rain,342
2016-06-03,17,14,11,12,11,9,72,53,32,1017,1016,1015,24,24,24,23,11,,0,2,,20
2016-06-04,21,16,9,11,9,7,72,50,27,1017,1014,1009,24,24,24,19,13,27,0,5,Rain,89
2016-06-05,16,14,11,18,16,13,100,82,51,1010,1001,998,24,18,5,34,16,52,0,7,Rain-Thunderstorm,200
2016-06-06,16,12,9,13,11,8,82,64,32,1003,1001,1000,24,23,6,52,26,74,0,6,Rain-Thunderstorm,257
2016-06-07,19,16,12,13,9,4,88,63,36,1005,1002,1000,24,24,24,42,19,60,0,6,Rain,288
2016-06-08,20,17,13,5,4,0,76,57,29,1013,1008,1005,24,24,24,45,29,53,0,5,Rain,300
2016-06-09,23,17,11,5,2,0,66,45,24,1016,1014,1013,24,24,24,35,19,42,0,2,,315
2016-06-10,21,16,12,7,4,2,62,44,24,1020,1018,1014,24,24,24,21,11,27,0,4,,230
2016-06-11,18,16,14,19,12,6,94,59,28,1015,1009,1006,24,22,6,40,14,55,0,5,Rain-Thunderstorm,277
2016-06-12,21,18,15,10,6,3,59,45,31,1017,1012,1008,24,24,24,45,31,63,0,3,,331
2016-06-13,18,16,14,9,7,4,76,57,37,1018,1016,1014,24,24,24,32,23,42,0,5,,342
2016-06-14,21,17,13,7,3,-7,82,45,8,1019,1017,1015,24,24,24,19,13,,0,2,,104
2016-06-15,27,21,14,8,3,-6,63,36,18,1016,1013,1010,24,24,24,19,8,,0,6,Rain,86
2016-06-16,19,17,16,13,10,6,72,49,20,1010,1008,1007,24,24,24,35,13,48,0,6,Rain,71
2016-06-17,26,20,14,11,8,5,68,37,14,1018,1015,1011,24,24,24,19,10,27,0,1,,21
2016-06-18,19,18,16,11,9,7,55,34,15,1023,1022,1018,24,24,24,21,11,,0,3,,318
2016-06-19,19,16,13,14,12,9,60,39,19,1025,1023,1020,24,24,24,27,11,40,0,3,,243
2016-06-20,28,22,15,21,16,9,61,48,31,1020,1013,1007,24,24,19,42,24,72,0,5,Rain,239
2016-06-21,24,20,16,12,6,3,55,35,19,1013,1011,1008,24,24,24,40,24,53,0,3,,293
2016-06-22,26,22,18,10,7,3,68,40,17,1013,1011,1009,24,24,24,35,18,47,0,3,Rain,307
2016-06-23,23,18,13,8,6,5,63,40,22,1015,1013,1012,24,24,24,16,10,,0,3,,62
2016-06-24,21,18,16,11,8,6,67,43,19,1020,1018,1015,24,24,24,16,11,29,0,1,,66
2016-06-25,21,18,16,12,9,8,63,42,18,1022,1021,1019,24,24,24,19,10,,0,1,,136
2016-06-26,20,17,13,21,17,12,88,59,26,1020,1016,1012,24,23,10,32,11,48,0,5,Rain-Thunderstorm,200
2016-06-27,16,13,12,21,17,11,94,58,17,1013,1012,1010,24,24,16,39,18,50,0,4,,274
2016-06-28,23,18,14,14,12,9,77,63,50,1015,1014,1012,24,24,24,26,19,42,0,6,Rain,328
2016-06-29,18,16,14,12,9,4,82,48,22,1016,1015,1014,24,24,24,24,19,37,0,2,,344
2016-06-30,24,19,14,9,6,0,67,36,16,1017,1016,1014,24,24,24,27,13,45,0,2,,230
2016-07-01,20,17,14,17,12,5,94,63,31,1015,1011,1009,24,23,10,40,14,53,0,5,Rain-Thunderstorm,229
2016-07-02,22,17,12,10,8,7,77,49,21,1018,1017,1015,24,24,24,39,21,58,0,2,,294
2016-07-03,22,17,13,10,8,7,67,41,19,1019,1018,1016,24,24,24,24,14,34,0,3,,294
2016-07-04,24,20,16,11,9,8,63,42,20,1017,1014,1010,24,24,24,19,10,27,0,2,,188
2016-07-05,23,20,17,16,13,9,54,43,27,1011,1009,1009,24,24,24,29,10,45,0,4,,293
2016-07-06,24,21,17,19,17,15,78,54,33,1011,1010,1008,24,24,24,26,13,39,0,5,Rain,226
2016-07-07,19,17,15,22,19,17,83,67,43,1010,1008,1007,24,22,16,26,13,40,0,5,Rain,331
2016-07-08,20,18,15,21,19,17,94,77,53,1010,1008,1005,24,17,8,21,13,27,0,7,Rain,75
2016-07-09,23,19,14,21,17,13,94,72,38,1011,1008,1005,24,22,5,39,19,64,0,6,Rain,301
2016-07-10,27,21,16,17,13,10,88,56,21,1017,1015,1011,24,24,24,29,23,35,0,4,,354
2016-07-11,27,22,18,17,13,10,78,55,29,1020,1019,1017,24,24,24,23,10,29,0,5,,85
2016-07-12,23,21,18,18,16,12,73,57,38,1017,1015,1012,24,24,24,23,10,32,0,4,,127
2016-07-13,24,21,19,20,18,14,78,52,20,1013,1011,1008,24,24,19,34,14,39,0,4,,227
2016-07-14,19,16,13,21,19,16,94,77,35,1011,1008,1006,24,20,2,66,23,80,0,7,Rain-Thunderstorm,227
2016-07-15,21,18,15,19,16,13,94,67,37,1015,1011,1008,24,23,6,39,19,60,0,4,Rain,272
2016-07-16,20,19,17,14,12,10,77,63,47,1020,1018,1015,24,24,24,24,16,34,0,6,,20
2016-07-17,28,23,18,16,11,9,77,53,29,1021,1019,1014,24,24,24,23,11,32,0,4,,140
2016-07-18,28,24,21,21,14,8,78,50,24,1019,1015,1013,24,24,24,48,26,61,0,2,,281
2016-07-19,26,22,18,10,8,7,67,42,24,1023,1022,1020,24,24,24,27,16,39,0,1,,326
2016-07-20,26,23,20,13,10,7,72,47,18,1026,1023,1021,24,24,24,19,10,29,0,2,,254
2016-07-21,26,21,16,21,16,13,70,52,30,1021,1017,1011,24,24,24,32,14,42,0,4,,229
2016-07-22,26,19,13,21,17,12,78,49,19,1012,1011,1010,24,24,24,37,21,52,0,2,,274
2016-07-23,26,20,15,15,14,12,61,41,19,1015,1013,1011,24,24,24,29,19,45,0,2,,323
2016-07-24,26,22,18,19,17,14,83,61,47,1016,1015,1013,24,24,24,19,11,27,0,7,,99
2016-07-25,27,22,17,23,19,14,94,72,31,1012,1010,1009,24,22,3,35,14,45,0,6,Rain-Thunderstorm,219
2016-07-26,29,23,18,16,15,13,78,54,30,1016,1014,1013,24,24,24,23,16,32,0,2,,316
2016-07-27,30,25,20,20,17,14,78,54,24,1014,1013,1011,24,24,24,27,11,42,0,2,,278
2016-07-28,29,24,21,19,16,13,78,54,34,1014,1012,1011,24,24,24,29,8,34,0,7,Rain,68
2016-07-29,29,23,17,19,16,13,88,64,37,1016,1014,1013,24,23,13,24,16,,0,6,Rain,19
2016-07-30,28,22,15,14,12,11,73,52,31,1018,1017,1016,24,24,24,24,16,35,0,6,Rain,72
2016-07-31,24,19,14,19,15,12,83,61,47,1017,1017,1016,24,24,24,23,11,29,0,7,,78
2016-08-01,24,19,13,19,16,13,83,63,34,1019,1018,1017,24,23,13,26,10,32,0,5,Rain,75
2016-08-02,26,19,13,17,14,11,73,54,28,1021,1019,1019,24,24,24,21,11,,0,1,,95
2016-08-03,23,18,13,19,16,13,83,56,32,1020,1019,1017,24,24,24,19,6,29,0,1,,147
2016-08-04,23,18,12,21,18,12,94,61,27,1018,1016,1013,24,24,24,21,8,27,0,1,,155
2016-08-05,22,16,11,21,20,18,78,61,32,1013,1009,1006,24,24,24,42,18,55,0,3,Rain,219
2016-08-06,21,17,13,15,13,11,73,49,25,1012,1010,1008,24,24,24,29,23,37,0,2,,318
2016-08-07,21,19,17,15,13,11,77,52,25,1017,1014,1012,24,24,24,29,21,39,0,3,,334
2016-08-08,23,18,13,14,11,8,72,47,22,1020,1019,1017,24,24,24,23,13,,0,1,,69
2016-08-09,21,18,15,18,13,10,65,48,24,1020,1018,1016,24,24,24,21,8,32,0,4,,118
2016-08-10,26,22,17,20,18,15,78,50,22,1018,1017,1016,24,24,24,23,8,45,0,3,,261
2016-08-11,24,21,18,24,19,17,84,60,37,1018,1015,1011,24,24,24,24,10,34,0,4,Rain,164
2016-08-12,24,19,13,23,22,18,89,63,30,1011,1009,1008,24,24,24,40,21,48,0,5,,261
2016-08-13,23,21,19,26,23,21,94,85,70,1011,1008,1006,24,19,1,39,13,63,0,7,Rain-Thunderstorm,208
2016-08-14,26,22,18,22,18,15,89,66,37,1019,1014,1009,24,24,24,29,19,40,0,6,,295
2016-08-15,29,23,18,18,17,15,88,69,46,1023,1021,1019,24,24,24,14,8,,0,6,,98
2016-08-16,29,24,19,23,20,16,100,84,55,1021,1015,1008,24,18,3,55,18,71,0,7,Rain,141
2016-08-17,24,22,21,19,17,15,94,74,43,1020,1017,1015,24,24,24,21,11,,0,4,,212
2016-08-18,27,24,21,20,18,17,88,71,48,1017,1016,1015,24,24,24,21,11,,0,5,Rain,327
2016-08-19,25,23,21,20,18,16,88,65,38,1016,1014,1011,24,24,24,23,10,35,0,1,,175
2016-08-20,23,20,17,22,20,19,94,74,44,1011,1008,1003,24,23,16,23,10,34,0,5,Rain-Thunderstorm,197
2016-08-21,22,18,13,21,16,10,88,64,39,1013,1006,1001,24,24,24,48,24,58,0,6,Rain,256
2016-08-22,23,19,16,11,9,7,77,52,22,1023,1019,1014,24,24,24,29,18,35,0,4,,293
2016-08-23,23,20,18,15,13,9,82,54,29,1025,1023,1022,24,24,24,26,13,40,0,2,,247
2016-08-24,21,18,16,17,15,13,82,57,29,1023,1020,1015,24,24,24,29,13,40,0,4,,208
2016-08-25,20,18,16,23,21,18,94,82,42,1014,1013,1012,24,20,4,27,16,35,0,6,Rain-Thunderstorm,243
2016-08-26,20,17,13,20,17,13,94,65,29,1021,1017,1013,24,24,24,27,16,35,0,2,,295
2016-08-27,22,17,11,17,14,12,77,58,36,1023,1022,1021,24,24,24,14,10,,0,5,Rain,118
2016-08-28,23,19,14,22,18,15,83,62,38,1022,1020,1019,24,24,24,34,13,39,0,4,,300
2016-08-29,25,21,18,18,15,13,78,62,36,1025,1023,1022,24,24,24,21,13,29,0,2,,354
2016-08-30,26,22,18,19,16,12,73,57,33,1023,1019,1016,24,24,24,26,10,55,0,3,,269
2016-08-31,26,22,18,19,15,5,78,58,22,1015,1013,1011,24,24,24,32,16,47,0,5,,303
2016-09-01,30,24,19,13,12,10,77,61,36,1021,1017,1015,24,24,24,29,19,39,0,3,Rain,356
2016-09-02,27,24,21,12,9,8,82,57,26,1025,1023,1022,24,24,24,23,16,27,0,1,,3
2016-09-03,25,23,21,11,11,9,82,59,33,1026,1024,1023,24,24,24,16,11,,0,0,,57
2016-09-04,26,23,20,16,12,2,83,60,22,1026,1025,1024,24,24,24,14,8,27,0,1,,106
2016-09-05,28,24,21,17,15,12,88,66,33,1025,1023,1020,24,24,24,16,5,,0,1,,138
2016-09-06,28,24,21,20,17,14,73,61,43,1021,1019,1016,24,24,24,19,8,,0,3,,152
2016-09-07,27,24,22,24,22,19,94,73,35,1016,1014,1012,24,19,1,53,11,72,0,6,Rain-Thunderstorm,278
2016-09-08,25,22,19,23,22,20,100,81,52,1012,1009,1006,24,19,6,32,11,42,0,7,Rain,231
2016-09-09,23,20,17,20,16,13,94,64,32,1015,1013,1010,24,24,24,23,10,,0,3,,306
2016-09-10,23,19,15,23,19,12,94,76,50,1015,1009,1005,24,22,4,40,13,58,0,6,Rain,158
2016-09-11,16,14,13,15,9,6,73,53,27,1022,1017,1009,24,24,24,39,26,53,0,3,,308
2016-09-12,16,13,12,12,9,6,77,55,28,1024,1022,1020,24,24,24,21,8,27,0,1,,197
2016-09-13,24,18,11,16,13,10,73,56,31,1020,1018,1015,24,24,24,34,11,45,0,3,,249
2016-09-14,24,20,15,16,12,8,77,60,32,1025,1021,1015,24,24,24,32,19,42,0,4,,338
2016-09-15,27,22,17,11,9,7,88,67,45,1028,1026,1024,24,24,24,14,11,,0,2,,81
2016-09-16,26,21,16,17,12,8,83,67,32,1025,1022,1018,24,24,24,19,10,,0,4,,82
2016-09-17,24,20,16,21,19,17,94,91,85,1017,1013,1010,24,21,6,24,11,37,0,7,Rain,188
2016-09-18,23,19,16,19,17,13,97,77,34,1015,1014,1012,24,21,8,26,10,39,0,5,,239
2016-09-19,17,13,11,18,16,14,88,70,45,1018,1016,1015,24,24,24,19,8,,0,2,,218
2016-09-20,19,16,12,16,11,1,83,49,16,1022,1019,1017,24,24,24,26,11,39,0,2,,284
2016-09-21,21,17,12,13,8,5,60,42,21,1024,1022,1021,24,24,24,21,10,,0,3,,231
2016-09-22,22,17,12,17,14,10,77,57,33,1021,1019,1015,24,24,24,13,6,,0,5,,205
2016-09-23,21,17,14,19,14,8,94,79,52,1023,1019,1015,24,22,3,26,13,35,0,7,Rain,19
2016-09-24,19,17,16,8,4,0,82,56,21,1026,1024,1023,24,24,24,21,14,,0,1,,20
2016-09-25,18,16,13,7,5,3,76,55,35,1025,1024,1021,24,24,24,14,10,,0,4,,68
2016-09-26,20,18,15,17,12,7,94,77,53,1020,1013,1010,24,20,2,34,13,52,0,7,Rain-Snow,172
2016-09-27,21,19,18,9,6,1,82,51,20,1011,1009,1007,24,24,24,34,16,45,0,3,,222
2016-09-28,21,18,16,15,11,5,82,59,35,1022,1016,1011,24,24,24,32,11,50,0,6,,86
2016-09-29,19,16,12,14,13,11,94,85,66,1028,1026,1022,24,14,3,35,23,50,0,7,Rain,71
2016-09-30,15,11,7,13,11,9,82,70,49,1028,1026,1024,24,24,19,34,23,58,0,6,Rain,88
2016-10-01,13,10,7,14,13,11,100,92,81,1024,1021,1017,24,18,2,23,16,39,0,8,Rain,98
2016-10-02,13,11,8,16,14,13,100,90,65,1017,1015,1014,24,16,5,23,8,,0,7,Rain,199
2016-10-03,14,12,11,15,13,12,100,85,58,1022,1018,1015,24,24,24,23,11,29,0,5,,343
2016-10-04,14,13,12,15,14,13,100,83,62,1026,1024,1022,24,24,24,21,10,27,0,3,,105
2016-10-05,17,14,13,15,14,13,94,80,56,1025,1024,1021,24,24,24,19,11,27,0,2,,122
2016-10-06,21,17,12,16,14,13,88,76,57,1024,1023,1022,24,23,19,13,10,,0,2,Rain,152
2016-10-07,14,12,10,16,14,12,94,78,57,1023,1020,1016,24,22,6,23,8,32,0,1,,136
2016-10-08,17,14,10,17,10,3,94,71,33,1022,1017,1015,24,23,10,34,14,42,0,6,Rain,293
2016-10-09,15,11,7,6,3,-1,87,64,32,1029,1026,1022,24,24,24,37,18,40,0,3,Rain,323
2016-10-10,20,17,13,3,1,-1,81,62,32,1033,1031,1029,24,24,24,16,11,,0,0,,337
2016-10-11,24,19,15,9,6,1,87,69,48,1030,1028,1023,24,24,24,13,6,,0,3,,111
2016-10-12,18,16,13,13,11,7,82,66,35,1023,1019,1012,24,24,24,23,6,34,0,5,,171
2016-10-13,13,11,9,15,6,0,88,60,30,1027,1017,1009,24,24,16,40,26,52,0,5,Rain,293
2016-10-14,17,12,7,6,3,0,76,57,37,1030,1028,1025,24,24,24,16,8,,0,4,,168
2016-10-15,13,9,5,14,9,5,88,70,47,1025,1022,1016,24,24,24,21,8,29,0,4,,151
2016-10-16,7,4,1,18,16,14,94,82,68,1016,1014,1012,24,23,11,26,16,37,0,7,Rain,240
2016-10-17,7,3,1,18,17,15,100,92,77,1014,1010,1006,24,11,0,19,10,,0,7,Fog-Rain,107
2016-10-18,15,8,0,18,16,10,88,69,52,1009,1004,1001,24,24,24,45,23,64,0,4,Rain,234
2016-10-19,17,14,12,12,10,7,94,70,37,1021,1017,1010,24,24,24,14,10,,0,2,,249
2016-10-20,12,11,9,14,11,9,100,88,68,1020,1018,1014,24,19,10,21,10,27,0,8,Rain,41
2016-10-21,16,13,10,10,7,2,94,85,61,1014,1013,1012,24,22,11,35,23,48,0,8,Rain,354
2016-10-22,8,6,3,1,-1,-2,75,63,44,1012,1010,1009,24,24,24,47,32,60,0,3,,328
2016-10-23,14,10,7,6,3,0,87,64,46,1013,1011,1010,24,24,24,26,21,37,0,5,,277
2016-10-24,14,11,8,4,0,-2,87,58,31,1024,1018,1010,24,24,24,42,21,55,0,5,,305
2016-10-25,10,8,5,1,-2,-5,76,60,36,1031,1028,1024,24,24,24,35,21,48,0,5,Rain,335
2016-10-26,11,8,6,-2,-5,-8,75,51,31,1034,1032,1028,24,24,24,21,11,29,0,6,Rain,32
2016-10-27,14,11,9,4,2,-2,100,89,61,1028,1020,1015,24,13,2,37,23,52,0,8,Rain-Snow,49
2016-10-28,11,9,8,4,1,-2,87,71,44,1026,1023,1019,24,24,24,21,13,,0,6,,282
2016-10-29,9,7,4,14,10,5,82,75,66,1019,1011,1008,24,23,19,39,18,53,0,7,Rain,243
2016-10-30,10,6,2,8,4,1,93,79,54,1023,1017,1014,24,23,16,34,18,40,0,7,Rain,340
2016-10-31,16,12,8,0,-1,-2,93,68,44,1027,1025,1022,24,24,24,14,8,,0,3,,25
2016-11-01,14,9,4,14,7,1,88,75,59,1022,1017,1014,24,24,24,16,13,,0,5,,143
2016-11-02,17,12,8,14,12,10,100,83,50,1022,1020,1016,24,21,6,14,6,,0,7,Rain,359
2016-11-03,12,10,8,12,8,4,100,84,56,1022,1018,1015,24,19,6,35,13,40,0,7,Rain,348
2016-11-04,17,12,8,4,2,1,87,70,41,1028,1025,1023,24,24,24,26,18,,0,2,,310
2016-11-05,18,14,11,9,7,3,93,77,52,1024,1023,1021,24,24,24,32,19,42,0,2,,282
2016-11-06,12,9,5,7,3,0,87,66,33,1031,1029,1025,24,24,24,16,11,,0,2,,322
2016-11-07,10,7,3,10,5,-1,94,77,53,1032,1029,1025,24,23,16,13,5,,0,0,Fog,144
2016-11-08,11,6,2,11,8,4,100,80,49,1024,1018,1014,24,19,6,19,6,,0,6,Fog-Rain,234
2016-11-09,10,8,6,9,2,-1,93,74,49,1021,1018,1013,24,23,16,45,26,55,0,5,,334
2016-11-10,12,9,7,4,1,-1,93,62,26,1020,1011,1003,24,24,19,39,16,55,0,2,,231
2016-11-11,12,9,6,6,-2,-8,76,54,33,1028,1017,1003,24,24,19,45,29,61,0,4,Rain,329
2016-11-12,9,7,3,-1,-4,-7,75,55,30,1029,1026,1020,24,24,24,35,14,47,0,3,,253
2016-11-13,6,4,2,3,-1,-3,81,58,28,1020,1017,1014,24,24,24,35,19,45,0,1,,244
2016-11-14,14,9,4,6,1,-4,81,57,31,1014,1014,1013,24,24,24,23,16,32,0,3,,231
2016-11-15,10,7,4,7,4,0,100,80,59,1014,1013,1010,24,23,16,14,5,,0,4,Fog,164
2016-11-16,8,6,3,8,5,3,100,81,50,1015,1010,1008,24,16,6,27,10,34,0,7,Rain,306
2016-11-17,12,9,7,7,4,1,93,80,55,1020,1019,1016,24,24,24,14,8,,0,2,,148
2016-11-18,13,10,7,9,8,6,100,79,52,1018,1015,1012,24,24,24,14,8,,0,3,,133
2016-11-19,7,3,1,9,4,-4,93,75,54,1010,1007,1005,24,23,8,35,16,48,0,7,Rain,223
2016-11-20,7,3,1,-1,-4,-8,93,70,48,1011,1008,1005,24,20,8,52,31,69,0,7,Snow,299
2016-11-21,4,1,-2,-8,-9,-10,69,52,30,1017,1013,1011,24,24,14,52,42,71,0,7,Snow,300
2016-11-22,3,-1,-4,-6,-7,-8,80,60,39,1028,1024,1018,24,24,24,40,27,48,0,5,,301
2016-11-23,7,3,0,0,-4,-7,100,76,59,1029,1026,1022,24,22,6,16,10,,0,7,Snow,67
2016-11-24,7,3,-1,3,2,0,100,93,87,1023,1020,1018,24,11,0,24,13,35,0,8,Fog-Rain,75
2016-11-25,11,8,6,4,3,2,100,86,61,1023,1022,1021,24,15,0,26,10,34,0,7,Fog-Rain,239
2016-11-26,10,6,2,3,1,-1,93,82,53,1022,1021,1020,24,24,19,21,13,,0,7,Rain,276
2016-11-27,2,1,0,1,1,-1,87,72,47,1022,1020,1019,24,23,19,23,14,,0,6,,262
2016-11-28,3,0,-4,4,2,1,93,77,54,1019,1014,1008,24,23,19,24,11,37,0,7,Rain,108
2016-11-29,4,2,0,9,6,2,93,79,60,1009,1005,1003,24,24,19,27,18,37,0,7,Rain,172
2016-11-30,8,4,1,10,8,6,94,91,79,1009,1002,997,24,19,6,21,10,34,0,7,Rain,126
2016-12-01,8,6,4,7,1,0,93,74,62,1006,1003,998,24,24,19,39,24,53,0,7,Rain,251
2016-12-02,7,5,3,2,-1,-3,87,71,56,1018,1012,1007,24,23,11,45,31,60,0,6,Rain,275
2016-12-03,6,6,4,-1,-3,-6,81,65,33,1024,1022,1018,24,24,24,37,21,45,0,5,,297
2016-12-04,7,4,2,0,-2,-4,100,77,58,1026,1020,1012,24,19,1,26,11,35,0,7,Rain-Snow,78
2016-12-05,4,2,0,1,-1,-2,95,81,51,1019,1013,1009,24,15,2,40,18,52,0,7,Rain-Snow,218
2016-12-06,5,3,1,3,1,-2,100,86,63,1020,1013,1008,24,19,10,32,14,47,0,6,Rain-Snow,115
2016-12-07,6,4,4,2,-3,-6,100,72,47,1015,1012,1008,24,22,10,39,18,45,0,6,Rain,239
2016-12-08,11,8,4,-4,-6,-9,86,69,44,1017,1014,1012,24,19,1,45,23,55,0,6,Snow,258
2016-12-09,10,7,4,-9,-10,-12,80,65,32,1028,1024,1018,24,22,3,35,16,35,0,3,Snow,321
2016-12-10,12,9,5,-6,-9,-12,86,70,40,1029,1028,1027,24,22,6,40,8,47,0,5,Snow,269
2016-12-11,9,6,2,-1,-6,-10,93,84,65,1029,1024,1011,24,9,1,23,13,34,0,7,Snow,162
2016-12-12,7,6,5,0,-2,-5,100,83,57,1017,1009,1005,24,16,1,42,18,60,0,7,Snow,226
2016-12-13,12,9,6,-5,-8,-13,80,67,49,1018,1016,1014,24,22,10,35,23,45,0,7,Rain-Snow,242
2016-12-14,11,7,3,-11,-14,-16,79,61,38,1018,1014,1009,24,20,2,53,27,66,0,4,Snow,245
2016-12-15,7,3,2,-11,-14,-18,86,70,54,1024,1016,1009,24,12,0,60,35,82,0,5,Snow,268
2016-12-16,9,7,3,-8,-13,-16,93,70,37,1027,1023,1019,24,16,1,32,18,37,0,7,Snow,222
2016-12-17,4,1,-1,-1,-4,-8,100,90,84,1018,1008,1004,13,7,0,21,13,32,0,8,Rain-Snow,148
2016-12-18,0,-1,-2,-3,-10,-18,93,68,41,1036,1016,1003,24,19,3,45,19,58,0,6,Rain-Snow,295
2016-12-19,6,1,-2,-14,-16,-18,67,57,34,1041,1038,1035,24,24,24,24,13,29,0,3,,231
2016-12-20,7,6,4,-8,-11,-16,74,58,34,1034,1024,1014,24,24,24,47,18,58,0,4,,209
2016-12-21,9,7,5,-1,-6,-11,100,76,47,1021,1018,1015,24,14,1,23,8,32,0,6,Snow,215
2016-12-22,12,7,3,0,-2,-4,100,82,58,1025,1016,1011,24,14,1,34,13,37,0,7,Snow,240
2016-12-23,13,9,6,-2,-4,-6,81,69,41,1027,1025,1020,24,23,19,32,18,39,0,6,,227
2016-12-24,9,7,4,1,0,-2,100,84,69,1028,1019,1013,24,21,16,21,10,,0,8,Rain-Snow,253
2016-12-25,5,3,1,0,-4,-7,87,70,53,1038,1035,1028,24,24,24,29,16,40,0,7,,42
2016-12-26,3,2,1,9,2,-6,100,91,71,1037,1020,1005,24,14,2,35,18,63,0,8,Rain,133
2016-12-27,1,-2,-5,2,-4,-6,93,69,55,1017,1012,1006,24,24,16,42,31,61,0,7,Snow,272
2016-12-28,4,1,-3,-3,-7,-9,80,68,46,1021,1019,1012,24,23,6,32,21,40,0,8,Snow,236
2016-12-29,-2,-3,-4,1,-2,-3,100,86,67,1011,1002,999,24,14,1,29,16,42,0,7,Snow,221